{
	"format_version": "1.8.0",
	"animations": {
		"animation.oblobo.swimmy": {
			"loop": true,
			"animation_length": 1.5,
			"bones": {
				"body": {
					"rotation": [0, 0, "math.sin(query.anim_time * 2000 / 1.5) * 5"]
				},
				"tail": {
					"rotation": {
						"0.0": [0, -25, 0],
						"0.0417": [0, -22.76157, 0],
						"0.0833": [0, -17.67804, 0],
						"0.125": [0, -11.1039, 0],
						"0.1667": [0, -3.77846, 0],
						"0.2083": [0, 3.77846, 0],
						"0.25": [0, 11.1039, 0],
						"0.2917": [0, 17.67804, 0],
						"0.3333": [0, 22.76157, 0],
						"0.375": [0, 25, 0],
						"0.4167": [0, 22.76157, 0],
						"0.4583": [0, 17.67804, 0],
						"0.5": [0, 11.1039, 0],
						"0.5417": [0, 3.77846, 0],
						"0.5833": [0, -3.77846, 0],
						"0.625": [0, -11.1039, 0],
						"0.6667": [0, -17.67804, 0],
						"0.7083": [0, -22.76157, 0],
						"0.75": [0, -25, 0],
						"0.7917": [0, -22.76157, 0],
						"0.8333": [0, -17.67804, 0],
						"0.875": [0, -11.1039, 0],
						"0.9167": [0, -3.77846, 0],
						"0.9583": [0, 3.77846, 0],
						"1.0": [0, 11.1039, 0],
						"1.0417": [0, 17.67804, 0],
						"1.0833": [0, 22.76157, 0],
						"1.125": [0, 25, 0],
						"1.1667": [0, 22.76157, 0],
						"1.2083": [0, 17.67804, 0],
						"1.25": [0, 11.1039, 0],
						"1.2917": [0, 3.77846, 0],
						"1.3333": [0, -3.77846, 0],
						"1.375": [0, -11.1039, 0],
						"1.4167": [0, -17.67804, 0],
						"1.4583": [0, -22.76157, 0],
						"1.5": [0, -25, 0]
					}
				},
				"tail1": {
					"rotation": {
						"0.0": {
							"post": [0, -22.5, 0],
							"lerp_mode": "catmullrom"
						},
						"0.375": {
							"post": [0, 22.5, 0],
							"lerp_mode": "catmullrom"
						},
						"0.75": {
							"post": [0, -2.5, 0],
							"lerp_mode": "catmullrom"
						},
						"1.125": {
							"post": [0, 2.5, 0],
							"lerp_mode": "catmullrom"
						},
						"1.5": {
							"post": [0, -22.5, 0],
							"lerp_mode": "catmullrom"
						}
					}
				},
				"tail2": {
					"rotation": {
						"0.0": {
							"post": [0, -2.5, 0],
							"lerp_mode": "catmullrom"
						},
						"0.375": {
							"post": [0, 2.5, 0],
							"lerp_mode": "catmullrom"
						},
						"0.75": {
							"post": [0, -22.5, 0],
							"lerp_mode": "catmullrom"
						},
						"1.125": {
							"post": [0, 22.5, 0],
							"lerp_mode": "catmullrom"
						},
						"1.5": {
							"post": [0, -2.5, 0],
							"lerp_mode": "catmullrom"
						}
					}
				},
				"fin_l": {
					"rotation": {
						"0.0": [0, -7.5, 0],
						"0.0417": [0, -7.16423, 0],
						"0.0833": [0, -6.40171, 0],
						"0.125": [0, -5.41559, 0],
						"0.25": [0, -2.08441, 0],
						"0.2917": [0, -1.09829, 0],
						"0.3333": [0, -0.33577, 0],
						"0.375": [0, 0, 0],
						"0.4167": [0, -0.33577, 0],
						"0.4583": [0, -1.09829, 0],
						"0.5": [0, -2.08441, 0],
						"0.625": [0, -5.41559, 0],
						"0.6667": [0, -6.40171, 0],
						"0.7083": [0, -7.16423, 0],
						"0.75": [0, -7.5, 0],
						"0.7917": [0, -7.16423, 0],
						"0.8333": [0, -6.40171, 0],
						"0.875": [0, -5.41559, 0],
						"1.0": [0, -2.08441, 0],
						"1.0417": [0, -1.09829, 0],
						"1.0833": [0, -0.33577, 0],
						"1.125": [0, 0, 0],
						"1.1667": [0, -0.33577, 0],
						"1.2083": [0, -1.09829, 0],
						"1.25": [0, -2.08441, 0],
						"1.375": [0, -5.41559, 0],
						"1.4167": [0, -6.40171, 0],
						"1.4583": [0, -7.16423, 0],
						"1.5": [0, -7.5, 0]
					}
				},
				"fin_r": {
					"rotation": {
						"0.0": [0, -7.5, 0],
						"0.0417": [0, -7.16423, 0],
						"0.0833": [0, -6.40171, 0],
						"0.125": [0, -5.41559, 0],
						"0.25": [0, -2.08441, 0],
						"0.2917": [0, -1.09829, 0],
						"0.3333": [0, -0.33577, 0],
						"0.375": [0, 0, 0],
						"0.4167": [0, -0.33577, 0],
						"0.4583": [0, -1.09829, 0],
						"0.5": [0, -2.08441, 0],
						"0.625": [0, -5.41559, 0],
						"0.6667": [0, -6.40171, 0],
						"0.7083": [0, -7.16423, 0],
						"0.75": [0, -7.5, 0],
						"0.7917": [0, -7.16423, 0],
						"0.8333": [0, -6.40171, 0],
						"0.875": [0, -5.41559, 0],
						"1.0": [0, -2.08441, 0],
						"1.0417": [0, -1.09829, 0],
						"1.0833": [0, -0.33577, 0],
						"1.125": [0, 0, 0],
						"1.1667": [0, -0.33577, 0],
						"1.2083": [0, -1.09829, 0],
						"1.25": [0, -2.08441, 0],
						"1.375": [0, -5.41559, 0],
						"1.4167": [0, -6.40171, 0],
						"1.4583": [0, -7.16423, 0],
						"1.5": [0, -7.5, 0]
					}
				}
			}
		}
	}
}